Subject,Start Date,Start Time,End Date,End Time,Description,Location
Morning Routine & Exercise,08/03/2026,07:00 AM,08/03/2026,08:00 AM,Morning Routine & Exercise time block,Office
Review Emails & Daily Priorities,08/03/2026,08:00 AM,08/03/2026,08:30 AM,Review Emails & Daily Priorities time block,Office
Deep Work,08/03/2026,08:30 AM,08/03/2026,10:00 AM,Deep Work time block,Office
Team Meetings,08/03/2026,10:00 AM,08/03/2026,11:00 AM,Team Meetings time block,Office
Product Development Review,08/03/2026,11:00 AM,08/03/2026,12:30 PM,Product Development Review time block,Office
Lunch Break,08/03/2026,12:30 PM,08/03/2026,01:30 PM,Lunch Break time block,Office
Investor/Partner Meetings,08/03/2026,01:30 PM,08/03/2026,03:00 PM,Investor/Partner Meetings time block,Office
Staff Supervision,08/03/2026,03:00 PM,08/03/2026,04:30 PM,Staff Supervision time block,Office
Email Follow-up,08/03/2026,04:30 PM,08/03/2026,05:00 PM,Email Follow-up time block,Office
Review Tomorrow's Schedule,08/03/2026,05:00 PM,08/03/2026,05:30 PM,Review Tomorrow's Schedule time block,Office
Morning Routine & Exercise,08/04/2026,07:00 AM,08/04/2026,08:00 AM,Morning Routine & Exercise time block,Office
Review Emails & Daily Priorities,08/04/2026,08:00 AM,08/04/2026,08:30 AM,Review Emails & Daily Priorities time block,Office
Deep Work,08/04/2026,08:30 AM,08/04/2026,10:00 AM,Deep Work time block,Office
Team Meetings,08/04/2026,10:00 AM,08/04/2026,11:00 AM,Team Meetings time block,Office
Product Development Review,08/04/2026,11:00 AM,08/04/2026,12:30 PM,Product Development Review time block,Office
Lunch Break,08/04/2026,12:30 PM,08/04/2026,01:30 PM,Lunch Break time block,Office
Investor/Partner Meetings,08/04/2026,01:30 PM,08/04/2026,03:00 PM,Investor/Partner Meetings time block,Office
Staff Supervision,08/04/2026,03:00 PM,08/04/2026,04:30 PM,Staff Supervision time block,Office
Email Follow-up,08/04/2026,04:30 PM,08/04/2026,05:00 PM,Email Follow-up time block,Office
Review Tomorrow's Schedule,08/04/2026,05:00 PM,08/04/2026,05:30 PM,Review Tomorrow's Schedule time block,Office
Morning Routine & Exercise,08/05/2026,07:00 AM,08/05/2026,08:00 AM,Morning Routine & Exercise time block,Office
Review Emails & Daily Priorities,08/05/2026,08:00 AM,08/05/2026,08:30 AM,Review Emails & Daily Priorities time block,Office
Deep Work,08/05/2026,08:30 AM,08/05/2026,10:00 AM,Deep Work time block,Office
Team Meetings,08/05/2026,10:00 AM,08/05/2026,11:00 AM,Team Meetings time block,Office
Product Development Review,08/05/2026,11:00 AM,08/05/2026,12:30 PM,Product Development Review time block,Office
Lunch Break,08/05/2026,12:30 PM,08/05/2026,01:30 PM,Lunch Break time block,Office
Investor/Partner Meetings,08/05/2026,01:30 PM,08/05/2026,03:00 PM,Investor/Partner Meetings time block,Office
Staff Supervision,08/05/2026,03:00 PM,08/05/2026,04:30 PM,Staff Supervision time block,Office
Email Follow-up,08/05/2026,04:30 PM,08/05/2026,05:00 PM,Email Follow-up time block,Office
Review Tomorrow's Schedule,08/05/2026,05:00 PM,08/05/2026,05:30 PM,Review Tomorrow's Schedule time block,Office
Morning Routine & Exercise,08/06/2026,07:00 AM,08/06/2026,08:00 AM,Morning Routine & Exercise time block,Office
Review Emails & Daily Priorities,08/06/2026,08:00 AM,08/06/2026,08:30 AM,Review Emails & Daily Priorities time block,Office
Deep Work,08/06/2026,08:30 AM,08/06/2026,10:00 AM,Deep Work time block,Office
Team Meetings,08/06/2026,10:00 AM,08/06/2026,11:00 AM,Team Meetings time block,Office
Product Development Review,08/06/2026,11:00 AM,08/06/2026,12:30 PM,Product Development Review time block,Office
Lunch Break,08/06/2026,12:30 PM,08/06/2026,01:30 PM,Lunch Break time block,Office
Investor/Partner Meetings,08/06/2026,01:30 PM,08/06/2026,03:00 PM,Investor/Partner Meetings time block,Office
Staff Supervision,08/06/2026,03:00 PM,08/06/2026,04:30 PM,Staff Supervision time block,Office
Email Follow-up,08/06/2026,04:30 PM,08/06/2026,05:00 PM,Email Follow-up time block,Office
Review Tomorrow's Schedule,08/06/2026,05:00 PM,08/06/2026,05:30 PM,Review Tomorrow's Schedule time block,Office
Morning Routine & Exercise,08/07/2026,07:00 AM,08/07/2026,08:00 AM,Morning Routine & Exercise time block,Office
Review Emails & Daily Priorities,08/07/2026,08:00 AM,08/07/2026,08:30 AM,Review Emails & Daily Priorities time block,Office
Deep Work,08/07/2026,08:30 AM,08/07/2026,10:00 AM,Deep Work time block,Office
Team Meetings,08/07/2026,10:00 AM,08/07/2026,11:00 AM,Team Meetings time block,Office
Product Development Review,08/07/2026,11:00 AM,08/07/2026,12:30 PM,Product Development Review time block,Office
Lunch Break,08/07/2026,12:30 PM,08/07/2026,01:30 PM,Lunch Break time block,Office
Investor/Partner Meetings,08/07/2026,01:30 PM,08/07/2026,03:00 PM,Investor/Partner Meetings time block,Office
Staff Supervision,08/07/2026,03:00 PM,08/07/2026,04:30 PM,Staff Supervision time block,Office
Email Follow-up,08/07/2026,04:30 PM,08/07/2026,05:00 PM,Email Follow-up time block,Office
Review Tomorrow's Schedule,08/07/2026,05:00 PM,08/07/2026,05:30 PM,Review Tomorrow's Schedule time block,Office
Morning Routine & Exercise,08/10/2026,07:00 AM,08/10/2026,08:00 AM,Morning Routine & Exercise time block,Office
Review Emails & Daily Priorities,08/10/2026,08:00 AM,08/10/2026,08:30 AM,Review Emails & Daily Priorities time block,Office
Deep Work,08/10/2026,08:30 AM,08/10/2026,10:00 AM,Deep Work time block,Office
Team Meetings,08/10/2026,10:00 AM,08/10/2026,11:00 AM,Team Meetings time block,Office
Product Development Review,08/10/2026,11:00 AM,08/10/2026,12:30 PM,Product Development Review time block,Office
Lunch Break,08/10/2026,12:30 PM,08/10/2026,01:30 PM,Lunch Break time block,Office
Investor/Partner Meetings,08/10/2026,01:30 PM,08/10/2026,03:00 PM,Investor/Partner Meetings time block,Office
Staff Supervision,08/10/2026,03:00 PM,08/10/2026,04:30 PM,Staff Supervision time block,Office
Email Follow-up,08/10/2026,04:30 PM,08/10/2026,05:00 PM,Email Follow-up time block,Office
Review Tomorrow's Schedule,08/10/2026,05:00 PM,08/10/2026,05:30 PM,Review Tomorrow's Schedule time block,Office
Morning Routine & Exercise,08/11/2026,07:00 AM,08/11/2026,08:00 AM,Morning Routine & Exercise time block,Office
Review Emails & Daily Priorities,08/11/2026,08:00 AM,08/11/2026,08:30 AM,Review Emails & Daily Priorities time block,Office
Deep Work,08/11/2026,08:30 AM,08/11/2026,10:00 AM,Deep Work time block,Office
Team Meetings,08/11/2026,10:00 AM,08/11/2026,11:00 AM,Team Meetings time block,Office
Product Development Review,08/11/2026,11:00 AM,08/11/2026,12:30 PM,Product Development Review time block,Office
Lunch Break,08/11/2026,12:30 PM,08/11/2026,01:30 PM,Lunch Break time block,Office
Investor/Partner Meetings,08/11/2026,01:30 PM,08/11/2026,03:00 PM,Investor/Partner Meetings time block,Office
Staff Supervision,08/11/2026,03:00 PM,08/11/2026,04:30 PM,Staff Supervision time block,Office
Email Follow-up,08/11/2026,04:30 PM,08/11/2026,05:00 PM,Email Follow-up time block,Office
Review Tomorrow's Schedule,08/11/2026,05:00 PM,08/11/2026,05:30 PM,Review Tomorrow's Schedule time block,Office
Morning Routine & Exercise,08/12/2026,07:00 AM,08/12/2026,08:00 AM,Morning Routine & Exercise time block,Office
Review Emails & Daily Priorities,08/12/2026,08:00 AM,08/12/2026,08:30 AM,Review Emails & Daily Priorities time block,Office
Deep Work,08/12/2026,08:30 AM,08/12/2026,10:00 AM,Deep Work time block,Office
Team Meetings,08/12/2026,10:00 AM,08/12/2026,11:00 AM,Team Meetings time block,Office
Product Development Review,08/12/2026,11:00 AM,08/12/2026,12:30 PM,Product Development Review time block,Office
Lunch Break,08/12/2026,12:30 PM,08/12/2026,01:30 PM,Lunch Break time block,Office
Investor/Partner Meetings,08/12/2026,01:30 PM,08/12/2026,03:00 PM,Investor/Partner Meetings time block,Office
Staff Supervision,08/12/2026,03:00 PM,08/12/2026,04:30 PM,Staff Supervision time block,Office
Email Follow-up,08/12/2026,04:30 PM,08/12/2026,05:00 PM,Email Follow-up time block,Office
Review Tomorrow's Schedule,08/12/2026,05:00 PM,08/12/2026,05:30 PM,Review Tomorrow's Schedule time block,Office
Morning Routine & Exercise,08/13/2026,07:00 AM,08/13/2026,08:00 AM,Morning Routine & Exercise time block,Office
Review Emails & Daily Priorities,08/13/2026,08:00 AM,08/13/2026,08:30 AM,Review Emails & Daily Priorities time block,Office
Deep Work,08/13/2026,08:30 AM,08/13/2026,10:00 AM,Deep Work time block,Office
Team Meetings,08/13/2026,10:00 AM,08/13/2026,11:00 AM,Team Meetings time block,Office
Product Development Review,08/13/2026,11:00 AM,08/13/2026,12:30 PM,Product Development Review time block,Office
Lunch Break,08/13/2026,12:30 PM,08/13/2026,01:30 PM,Lunch Break time block,Office
Investor/Partner Meetings,08/13/2026,01:30 PM,08/13/2026,03:00 PM,Investor/Partner Meetings time block,Office
Staff Supervision,08/13/2026,03:00 PM,08/13/2026,04:30 PM,Staff Supervision time block,Office
Email Follow-up,08/13/2026,04:30 PM,08/13/2026,05:00 PM,Email Follow-up time block,Office
Review Tomorrow's Schedule,08/13/2026,05:00 PM,08/13/2026,05:30 PM,Review Tomorrow's Schedule time block,Office
Morning Routine & Exercise,08/14/2026,07:00 AM,08/14/2026,08:00 AM,Morning Routine & Exercise time block,Office
Review Emails & Daily Priorities,08/14/2026,08:00 AM,08/14/2026,08:30 AM,Review Emails & Daily Priorities time block,Office
Deep Work,08/14/2026,08:30 AM,08/14/2026,10:00 AM,Deep Work time block,Office
Team Meetings,08/14/2026,10:00 AM,08/14/2026,11:00 AM,Team Meetings time block,Office
Product Development Review,08/14/2026,11:00 AM,08/14/2026,12:30 PM,Product Development Review time block,Office
Lunch Break,08/14/2026,12:30 PM,08/14/2026,01:30 PM,Lunch Break time block,Office
Investor/Partner Meetings,08/14/2026,01:30 PM,08/14/2026,03:00 PM,Investor/Partner Meetings time block,Office
Staff Supervision,08/14/2026,03:00 PM,08/14/2026,04:30 PM,Staff Supervision time block,Office
Email Follow-up,08/14/2026,04:30 PM,08/14/2026,05:00 PM,Email Follow-up time block,Office
Review Tomorrow's Schedule,08/14/2026,05:00 PM,08/14/2026,05:30 PM,Review Tomorrow's Schedule time block,Office
Morning Routine & Exercise,08/17/2026,07:00 AM,08/17/2026,08:00 AM,Morning Routine & Exercise time block,Office
Review Emails & Daily Priorities,08/17/2026,08:00 AM,08/17/2026,08:30 AM,Review Emails & Daily Priorities time block,Office
Deep Work,08/17/2026,08:30 AM,08/17/2026,10:00 AM,Deep Work time block,Office
Team Meetings,08/17/2026,10:00 AM,08/17/2026,11:00 AM,Team Meetings time block,Office
Product Development Review,08/17/2026,11:00 AM,08/17/2026,12:30 PM,Product Development Review time block,Office
Lunch Break,08/17/2026,12:30 PM,08/17/2026,01:30 PM,Lunch Break time block,Office
Investor/Partner Meetings,08/17/2026,01:30 PM,08/17/2026,03:00 PM,Investor/Partner Meetings time block,Office
Staff Supervision,08/17/2026,03:00 PM,08/17/2026,04:30 PM,Staff Supervision time block,Office
Email Follow-up,08/17/2026,04:30 PM,08/17/2026,05:00 PM,Email Follow-up time block,Office
Review Tomorrow's Schedule,08/17/2026,05:00 PM,08/17/2026,05:30 PM,Review Tomorrow's Schedule time block,Office
Morning Routine & Exercise,08/18/2026,07:00 AM,08/18/2026,08:00 AM,Morning Routine & Exercise time block,Office
Review Emails & Daily Priorities,08/18/2026,08:00 AM,08/18/2026,08:30 AM,Review Emails & Daily Priorities time block,Office
Deep Work,08/18/2026,08:30 AM,08/18/2026,10:00 AM,Deep Work time block,Office
Team Meetings,08/18/2026,10:00 AM,08/18/2026,11:00 AM,Team Meetings time block,Office
Product Development Review,08/18/2026,11:00 AM,08/18/2026,12:30 PM,Product Development Review time block,Office
Lunch Break,08/18/2026,12:30 PM,08/18/2026,01:30 PM,Lunch Break time block,Office
Investor/Partner Meetings,08/18/2026,01:30 PM,08/18/2026,03:00 PM,Investor/Partner Meetings time block,Office
Staff Supervision,08/18/2026,03:00 PM,08/18/2026,04:30 PM,Staff Supervision time block,Office
Email Follow-up,08/18/2026,04:30 PM,08/18/2026,05:00 PM,Email Follow-up time block,Office
Review Tomorrow's Schedule,08/18/2026,05:00 PM,08/18/2026,05:30 PM,Review Tomorrow's Schedule time block,Office
Morning Routine & Exercise,08/19/2026,07:00 AM,08/19/2026,08:00 AM,Morning Routine & Exercise time block,Office
Review Emails & Daily Priorities,08/19/2026,08:00 AM,08/19/2026,08:30 AM,Review Emails & Daily Priorities time block,Office
Deep Work,08/19/2026,08:30 AM,08/19/2026,10:00 AM,Deep Work time block,Office
Team Meetings,08/19/2026,10:00 AM,08/19/2026,11:00 AM,Team Meetings time block,Office
Product Development Review,08/19/2026,11:00 AM,08/19/2026,12:30 PM,Product Development Review time block,Office
Lunch Break,08/19/2026,12:30 PM,08/19/2026,01:30 PM,Lunch Break time block,Office
Investor/Partner Meetings,08/19/2026,01:30 PM,08/19/2026,03:00 PM,Investor/Partner Meetings time block,Office
Staff Supervision,08/19/2026,03:00 PM,08/19/2026,04:30 PM,Staff Supervision time block,Office
Email Follow-up,08/19/2026,04:30 PM,08/19/2026,05:00 PM,Email Follow-up time block,Office
Review Tomorrow's Schedule,08/19/2026,05:00 PM,08/19/2026,05:30 PM,Review Tomorrow's Schedule time block,Office
Morning Routine & Exercise,08/20/2026,07:00 AM,08/20/2026,08:00 AM,Morning Routine & Exercise time block,Office
Review Emails & Daily Priorities,08/20/2026,08:00 AM,08/20/2026,08:30 AM,Review Emails & Daily Priorities time block,Office
Deep Work,08/20/2026,08:30 AM,08/20/2026,10:00 AM,Deep Work time block,Office
Team Meetings,08/20/2026,10:00 AM,08/20/2026,11:00 AM,Team Meetings time block,Office
Product Development Review,08/20/2026,11:00 AM,08/20/2026,12:30 PM,Product Development Review time block,Office
Lunch Break,08/20/2026,12:30 PM,08/20/2026,01:30 PM,Lunch Break time block,Office
Investor/Partner Meetings,08/20/2026,01:30 PM,08/20/2026,03:00 PM,Investor/Partner Meetings time block,Office
Staff Supervision,08/20/2026,03:00 PM,08/20/2026,04:30 PM,Staff Supervision time block,Office
Email Follow-up,08/20/2026,04:30 PM,08/20/2026,05:00 PM,Email Follow-up time block,Office
Review Tomorrow's Schedule,08/20/2026,05:00 PM,08/20/2026,05:30 PM,Review Tomorrow's Schedule time block,Office
Morning Routine & Exercise,08/21/2026,07:00 AM,08/21/2026,08:00 AM,Morning Routine & Exercise time block,Office
Review Emails & Daily Priorities,08/21/2026,08:00 AM,08/21/2026,08:30 AM,Review Emails & Daily Priorities time block,Office
Deep Work,08/21/2026,08:30 AM,08/21/2026,10:00 AM,Deep Work time block,Office
Team Meetings,08/21/2026,10:00 AM,08/21/2026,11:00 AM,Team Meetings time block,Office
Product Development Review,08/21/2026,11:00 AM,08/21/2026,12:30 PM,Product Development Review time block,Office
Lunch Break,08/21/2026,12:30 PM,08/21/2026,01:30 PM,Lunch Break time block,Office
Investor/Partner Meetings,08/21/2026,01:30 PM,08/21/2026,03:00 PM,Investor/Partner Meetings time block,Office
Staff Supervision,08/21/2026,03:00 PM,08/21/2026,04:30 PM,Staff Supervision time block,Office
Email Follow-up,08/21/2026,04:30 PM,08/21/2026,05:00 PM,Email Follow-up time block,Office
Review Tomorrow's Schedule,08/21/2026,05:00 PM,08/21/2026,05:30 PM,Review Tomorrow's Schedule time block,Office
Morning Routine & Exercise,08/24/2026,07:00 AM,08/24/2026,08:00 AM,Morning Routine & Exercise time block,Office
Review Emails & Daily Priorities,08/24/2026,08:00 AM,08/24/2026,08:30 AM,Review Emails & Daily Priorities time block,Office
Deep Work,08/24/2026,08:30 AM,08/24/2026,10:00 AM,Deep Work time block,Office
Team Meetings,08/24/2026,10:00 AM,08/24/2026,11:00 AM,Team Meetings time block,Office
Product Development Review,08/24/2026,11:00 AM,08/24/2026,12:30 PM,Product Development Review time block,Office
Lunch Break,08/24/2026,12:30 PM,08/24/2026,01:30 PM,Lunch Break time block,Office
Investor/Partner Meetings,08/24/2026,01:30 PM,08/24/2026,03:00 PM,Investor/Partner Meetings time block,Office
Staff Supervision,08/24/2026,03:00 PM,08/24/2026,04:30 PM,Staff Supervision time block,Office
Email Follow-up,08/24/2026,04:30 PM,08/24/2026,05:00 PM,Email Follow-up time block,Office
Review Tomorrow's Schedule,08/24/2026,05:00 PM,08/24/2026,05:30 PM,Review Tomorrow's Schedule time block,Office
Morning Routine & Exercise,08/25/2026,07:00 AM,08/25/2026,08:00 AM,Morning Routine & Exercise time block,Office
Review Emails & Daily Priorities,08/25/2026,08:00 AM,08/25/2026,08:30 AM,Review Emails & Daily Priorities time block,Office
Deep Work,08/25/2026,08:30 AM,08/25/2026,10:00 AM,Deep Work time block,Office
Team Meetings,08/25/2026,10:00 AM,08/25/2026,11:00 AM,Team Meetings time block,Office
Product Development Review,08/25/2026,11:00 AM,08/25/2026,12:30 PM,Product Development Review time block,Office
Lunch Break,08/25/2026,12:30 PM,08/25/2026,01:30 PM,Lunch Break time block,Office
Investor/Partner Meetings,08/25/2026,01:30 PM,08/25/2026,03:00 PM,Investor/Partner Meetings time block,Office
Staff Supervision,08/25/2026,03:00 PM,08/25/2026,04:30 PM,Staff Supervision time block,Office
Email Follow-up,08/25/2026,04:30 PM,08/25/2026,05:00 PM,Email Follow-up time block,Office
Review Tomorrow's Schedule,08/25/2026,05:00 PM,08/25/2026,05:30 PM,Review Tomorrow's Schedule time block,Office
Morning Routine & Exercise,08/26/2026,07:00 AM,08/26/2026,08:00 AM,Morning Routine & Exercise time block,Office
Review Emails & Daily Priorities,08/26/2026,08:00 AM,08/26/2026,08:30 AM,Review Emails & Daily Priorities time block,Office
Deep Work,08/26/2026,08:30 AM,08/26/2026,10:00 AM,Deep Work time block,Office
Team Meetings,08/26/2026,10:00 AM,08/26/2026,11:00 AM,Team Meetings time block,Office
Product Development Review,08/26/2026,11:00 AM,08/26/2026,12:30 PM,Product Development Review time block,Office
Lunch Break,08/26/2026,12:30 PM,08/26/2026,01:30 PM,Lunch Break time block,Office
Investor/Partner Meetings,08/26/2026,01:30 PM,08/26/2026,03:00 PM,Investor/Partner Meetings time block,Office
Staff Supervision,08/26/2026,03:00 PM,08/26/2026,04:30 PM,Staff Supervision time block,Office
Email Follow-up,08/26/2026,04:30 PM,08/26/2026,05:00 PM,Email Follow-up time block,Office
Review Tomorrow's Schedule,08/26/2026,05:00 PM,08/26/2026,05:30 PM,Review Tomorrow's Schedule time block,Office
Morning Routine & Exercise,08/27/2026,07:00 AM,08/27/2026,08:00 AM,Morning Routine & Exercise time block,Office
Review Emails & Daily Priorities,08/27/2026,08:00 AM,08/27/2026,08:30 AM,Review Emails & Daily Priorities time block,Office
Deep Work,08/27/2026,08:30 AM,08/27/2026,10:00 AM,Deep Work time block,Office
Team Meetings,08/27/2026,10:00 AM,08/27/2026,11:00 AM,Team Meetings time block,Office
Product Development Review,08/27/2026,11:00 AM,08/27/2026,12:30 PM,Product Development Review time block,Office
Lunch Break,08/27/2026,12:30 PM,08/27/2026,01:30 PM,Lunch Break time block,Office
Investor/Partner Meetings,08/27/2026,01:30 PM,08/27/2026,03:00 PM,Investor/Partner Meetings time block,Office
Staff Supervision,08/27/2026,03:00 PM,08/27/2026,04:30 PM,Staff Supervision time block,Office
Email Follow-up,08/27/2026,04:30 PM,08/27/2026,05:00 PM,Email Follow-up time block,Office
Review Tomorrow's Schedule,08/27/2026,05:00 PM,08/27/2026,05:30 PM,Review Tomorrow's Schedule time block,Office
Morning Routine & Exercise,08/28/2026,07:00 AM,08/28/2026,08:00 AM,Morning Routine & Exercise time block,Office
Review Emails & Daily Priorities,08/28/2026,08:00 AM,08/28/2026,08:30 AM,Review Emails & Daily Priorities time block,Office
Deep Work,08/28/2026,08:30 AM,08/28/2026,10:00 AM,Deep Work time block,Office
Team Meetings,08/28/2026,10:00 AM,08/28/2026,11:00 AM,Team Meetings time block,Office
Product Development Review,08/28/2026,11:00 AM,08/28/2026,12:30 PM,Product Development Review time block,Office
Lunch Break,08/28/2026,12:30 PM,08/28/2026,01:30 PM,Lunch Break time block,Office
Investor/Partner Meetings,08/28/2026,01:30 PM,08/28/2026,03:00 PM,Investor/Partner Meetings time block,Office
Staff Supervision,08/28/2026,03:00 PM,08/28/2026,04:30 PM,Staff Supervision time block,Office
Email Follow-up,08/28/2026,04:30 PM,08/28/2026,05:00 PM,Email Follow-up time block,Office
Review Tomorrow's Schedule,08/28/2026,05:00 PM,08/28/2026,05:30 PM,Review Tomorrow's Schedule time block,Office
Morning Routine & Exercise,08/31/2026,07:00 AM,08/31/2026,08:00 AM,Morning Routine & Exercise time block,Office
Review Emails & Daily Priorities,08/31/2026,08:00 AM,08/31/2026,08:30 AM,Review Emails & Daily Priorities time block,Office
Deep Work,08/31/2026,08:30 AM,08/31/2026,10:00 AM,Deep Work time block,Office
Team Meetings,08/31/2026,10:00 AM,08/31/2026,11:00 AM,Team Meetings time block,Office
Product Development Review,08/31/2026,11:00 AM,08/31/2026,12:30 PM,Product Development Review time block,Office
Lunch Break,08/31/2026,12:30 PM,08/31/2026,01:30 PM,Lunch Break time block,Office
Investor/Partner Meetings,08/31/2026,01:30 PM,08/31/2026,03:00 PM,Investor/Partner Meetings time block,Office
Staff Supervision,08/31/2026,03:00 PM,08/31/2026,04:30 PM,Staff Supervision time block,Office
Email Follow-up,08/31/2026,04:30 PM,08/31/2026,05:00 PM,Email Follow-up time block,Office
Review Tomorrow's Schedule,08/31/2026,05:00 PM,08/31/2026,05:30 PM,Review Tomorrow's Schedule time block,Office
Morning Routine & Exercise,09/01/2026,07:00 AM,09/01/2026,08:00 AM,Morning Routine & Exercise time block,Office
Review Emails & Daily Priorities,09/01/2026,08:00 AM,09/01/2026,08:30 AM,Review Emails & Daily Priorities time block,Office
Deep Work,09/01/2026,08:30 AM,09/01/2026,10:00 AM,Deep Work time block,Office
Team Meetings,09/01/2026,10:00 AM,09/01/2026,11:00 AM,Team Meetings time block,Office
Product Development Review,09/01/2026,11:00 AM,09/01/2026,12:30 PM,Product Development Review time block,Office
Lunch Break,09/01/2026,12:30 PM,09/01/2026,01:30 PM,Lunch Break time block,Office
Investor/Partner Meetings,09/01/2026,01:30 PM,09/01/2026,03:00 PM,Investor/Partner Meetings time block,Office
Staff Supervision,09/01/2026,03:00 PM,09/01/2026,04:30 PM,Staff Supervision time block,Office
Email Follow-up,09/01/2026,04:30 PM,09/01/2026,05:00 PM,Email Follow-up time block,Office
Review Tomorrow's Schedule,09/01/2026,05:00 PM,09/01/2026,05:30 PM,Review Tomorrow's Schedule time block,Office
Morning Routine & Exercise,09/02/2026,07:00 AM,09/02/2026,08:00 AM,Morning Routine & Exercise time block,Office
Review Emails & Daily Priorities,09/02/2026,08:00 AM,09/02/2026,08:30 AM,Review Emails & Daily Priorities time block,Office
Deep Work,09/02/2026,08:30 AM,09/02/2026,10:00 AM,Deep Work time block,Office
Team Meetings,09/02/2026,10:00 AM,09/02/2026,11:00 AM,Team Meetings time block,Office
Product Development Review,09/02/2026,11:00 AM,09/02/2026,12:30 PM,Product Development Review time block,Office
Lunch Break,09/02/2026,12:30 PM,09/02/2026,01:30 PM,Lunch Break time block,Office
Investor/Partner Meetings,09/02/2026,01:30 PM,09/02/2026,03:00 PM,Investor/Partner Meetings time block,Office
Staff Supervision,09/02/2026,03:00 PM,09/02/2026,04:30 PM,Staff Supervision time block,Office
Email Follow-up,09/02/2026,04:30 PM,09/02/2026,05:00 PM,Email Follow-up time block,Office
Review Tomorrow's Schedule,09/02/2026,05:00 PM,09/02/2026,05:30 PM,Review Tomorrow's Schedule time block,Office
Morning Routine & Exercise,09/03/2026,07:00 AM,09/03/2026,08:00 AM,Morning Routine & Exercise time block,Office
Review Emails & Daily Priorities,09/03/2026,08:00 AM,09/03/2026,08:30 AM,Review Emails & Daily Priorities time block,Office
Deep Work,09/03/2026,08:30 AM,09/03/2026,10:00 AM,Deep Work time block,Office
Team Meetings,09/03/2026,10:00 AM,09/03/2026,11:00 AM,Team Meetings time block,Office
Product Development Review,09/03/2026,11:00 AM,09/03/2026,12:30 PM,Product Development Review time block,Office
Lunch Break,09/03/2026,12:30 PM,09/03/2026,01:30 PM,Lunch Break time block,Office
Investor/Partner Meetings,09/03/2026,01:30 PM,09/03/2026,03:00 PM,Investor/Partner Meetings time block,Office
Staff Supervision,09/03/2026,03:00 PM,09/03/2026,04:30 PM,Staff Supervision time block,Office
Email Follow-up,09/03/2026,04:30 PM,09/03/2026,05:00 PM,Email Follow-up time block,Office
Review Tomorrow's Schedule,09/03/2026,05:00 PM,09/03/2026,05:30 PM,Review Tomorrow's Schedule time block,Office
Morning Routine & Exercise,09/04/2026,07:00 AM,09/04/2026,08:00 AM,Morning Routine & Exercise time block,Office
Review Emails & Daily Priorities,09/04/2026,08:00 AM,09/04/2026,08:30 AM,Review Emails & Daily Priorities time block,Office
Deep Work,09/04/2026,08:30 AM,09/04/2026,10:00 AM,Deep Work time block,Office
Team Meetings,09/04/2026,10:00 AM,09/04/2026,11:00 AM,Team Meetings time block,Office
Product Development Review,09/04/2026,11:00 AM,09/04/2026,12:30 PM,Product Development Review time block,Office
Lunch Break,09/04/2026,12:30 PM,09/04/2026,01:30 PM,Lunch Break time block,Office
Investor/Partner Meetings,09/04/2026,01:30 PM,09/04/2026,03:00 PM,Investor/Partner Meetings time block,Office
Staff Supervision,09/04/2026,03:00 PM,09/04/2026,04:30 PM,Staff Supervision time block,Office
Email Follow-up,09/04/2026,04:30 PM,09/04/2026,05:00 PM,Email Follow-up time block,Office
Review Tomorrow's Schedule,09/04/2026,05:00 PM,09/04/2026,05:30 PM,Review Tomorrow's Schedule time block,Office
Morning Routine & Exercise,09/07/2026,07:00 AM,09/07/2026,08:00 AM,Morning Routine & Exercise time block,Office
Review Emails & Daily Priorities,09/07/2026,08:00 AM,09/07/2026,08:30 AM,Review Emails & Daily Priorities time block,Office
Deep Work,09/07/2026,08:30 AM,09/07/2026,10:00 AM,Deep Work time block,Office
Team Meetings,09/07/2026,10:00 AM,09/07/2026,11:00 AM,Team Meetings time block,Office
Product Development Review,09/07/2026,11:00 AM,09/07/2026,12:30 PM,Product Development Review time block,Office
Lunch Break,09/07/2026,12:30 PM,09/07/2026,01:30 PM,Lunch Break time block,Office
Investor/Partner Meetings,09/07/2026,01:30 PM,09/07/2026,03:00 PM,Investor/Partner Meetings time block,Office
Staff Supervision,09/07/2026,03:00 PM,09/07/2026,04:30 PM,Staff Supervision time block,Office
Email Follow-up,09/07/2026,04:30 PM,09/07/2026,05:00 PM,Email Follow-up time block,Office
Review Tomorrow's Schedule,09/07/2026,05:00 PM,09/07/2026,05:30 PM,Review Tomorrow's Schedule time block,Office
Morning Routine & Exercise,09/08/2026,07:00 AM,09/08/2026,08:00 AM,Morning Routine & Exercise time block,Office
Review Emails & Daily Priorities,09/08/2026,08:00 AM,09/08/2026,08:30 AM,Review Emails & Daily Priorities time block,Office
Deep Work,09/08/2026,08:30 AM,09/08/2026,10:00 AM,Deep Work time block,Office
Team Meetings,09/08/2026,10:00 AM,09/08/2026,11:00 AM,Team Meetings time block,Office
Product Development Review,09/08/2026,11:00 AM,09/08/2026,12:30 PM,Product Development Review time block,Office
Lunch Break,09/08/2026,12:30 PM,09/08/2026,01:30 PM,Lunch Break time block,Office
Investor/Partner Meetings,09/08/2026,01:30 PM,09/08/2026,03:00 PM,Investor/Partner Meetings time block,Office
Staff Supervision,09/08/2026,03:00 PM,09/08/2026,04:30 PM,Staff Supervision time block,Office
Email Follow-up,09/08/2026,04:30 PM,09/08/2026,05:00 PM,Email Follow-up time block,Office
Review Tomorrow's Schedule,09/08/2026,05:00 PM,09/08/2026,05:30 PM,Review Tomorrow's Schedule time block,Office
Morning Routine & Exercise,09/09/2026,07:00 AM,09/09/2026,08:00 AM,Morning Routine & Exercise time block,Office
Review Emails & Daily Priorities,09/09/2026,08:00 AM,09/09/2026,08:30 AM,Review Emails & Daily Priorities time block,Office
Deep Work,09/09/2026,08:30 AM,09/09/2026,10:00 AM,Deep Work time block,Office
Team Meetings,09/09/2026,10:00 AM,09/09/2026,11:00 AM,Team Meetings time block,Office
Product Development Review,09/09/2026,11:00 AM,09/09/2026,12:30 PM,Product Development Review time block,Office
Lunch Break,09/09/2026,12:30 PM,09/09/2026,01:30 PM,Lunch Break time block,Office
Investor/Partner Meetings,09/09/2026,01:30 PM,09/09/2026,03:00 PM,Investor/Partner Meetings time block,Office
Staff Supervision,09/09/2026,03:00 PM,09/09/2026,04:30 PM,Staff Supervision time block,Office
Email Follow-up,09/09/2026,04:30 PM,09/09/2026,05:00 PM,Email Follow-up time block,Office
Review Tomorrow's Schedule,09/09/2026,05:00 PM,09/09/2026,05:30 PM,Review Tomorrow's Schedule time block,Office
Morning Routine & Exercise,09/10/2026,07:00 AM,09/10/2026,08:00 AM,Morning Routine & Exercise time block,Office
Review Emails & Daily Priorities,09/10/2026,08:00 AM,09/10/2026,08:30 AM,Review Emails & Daily Priorities time block,Office
Deep Work,09/10/2026,08:30 AM,09/10/2026,10:00 AM,Deep Work time block,Office
Team Meetings,09/10/2026,10:00 AM,09/10/2026,11:00 AM,Team Meetings time block,Office
Product Development Review,09/10/2026,11:00 AM,09/10/2026,12:30 PM,Product Development Review time block,Office
Lunch Break,09/10/2026,12:30 PM,09/10/2026,01:30 PM,Lunch Break time block,Office
Investor/Partner Meetings,09/10/2026,01:30 PM,09/10/2026,03:00 PM,Investor/Partner Meetings time block,Office
Staff Supervision,09/10/2026,03:00 PM,09/10/2026,04:30 PM,Staff Supervision time block,Office
Email Follow-up,09/10/2026,04:30 PM,09/10/2026,05:00 PM,Email Follow-up time block,Office
Review Tomorrow's Schedule,09/10/2026,05:00 PM,09/10/2026,05:30 PM,Review Tomorrow's Schedule time block,Office
Morning Routine & Exercise,09/11/2026,07:00 AM,09/11/2026,08:00 AM,Morning Routine & Exercise time block,Office
Review Emails & Daily Priorities,09/11/2026,08:00 AM,09/11/2026,08:30 AM,Review Emails & Daily Priorities time block,Office
Deep Work,09/11/2026,08:30 AM,09/11/2026,10:00 AM,Deep Work time block,Office
Team Meetings,09/11/2026,10:00 AM,09/11/2026,11:00 AM,Team Meetings time block,Office
Product Development Review,09/11/2026,11:00 AM,09/11/2026,12:30 PM,Product Development Review time block,Office
Lunch Break,09/11/2026,12:30 PM,09/11/2026,01:30 PM,Lunch Break time block,Office
Investor/Partner Meetings,09/11/2026,01:30 PM,09/11/2026,03:00 PM,Investor/Partner Meetings time block,Office
Staff Supervision,09/11/2026,03:00 PM,09/11/2026,04:30 PM,Staff Supervision time block,Office
Email Follow-up,09/11/2026,04:30 PM,09/11/2026,05:00 PM,Email Follow-up time block,Office
Review Tomorrow's Schedule,09/11/2026,05:00 PM,09/11/2026,05:30 PM,Review Tomorrow's Schedule time block,Office
Morning Routine & Exercise,09/14/2026,07:00 AM,09/14/2026,08:00 AM,Morning Routine & Exercise time block,Office
Review Emails & Daily Priorities,09/14/2026,08:00 AM,09/14/2026,08:30 AM,Review Emails & Daily Priorities time block,Office
Deep Work,09/14/2026,08:30 AM,09/14/2026,10:00 AM,Deep Work time block,Office
Team Meetings,09/14/2026,10:00 AM,09/14/2026,11:00 AM,Team Meetings time block,Office
Product Development Review,09/14/2026,11:00 AM,09/14/2026,12:30 PM,Product Development Review time block,Office
Lunch Break,09/14/2026,12:30 PM,09/14/2026,01:30 PM,Lunch Break time block,Office
Investor/Partner Meetings,09/14/2026,01:30 PM,09/14/2026,03:00 PM,Investor/Partner Meetings time block,Office
Staff Supervision,09/14/2026,03:00 PM,09/14/2026,04:30 PM,Staff Supervision time block,Office
Email Follow-up,09/14/2026,04:30 PM,09/14/2026,05:00 PM,Email Follow-up time block,Office
Review Tomorrow's Schedule,09/14/2026,05:00 PM,09/14/2026,05:30 PM,Review Tomorrow's Schedule time block,Office
Morning Routine & Exercise,09/15/2026,07:00 AM,09/15/2026,08:00 AM,Morning Routine & Exercise time block,Office
Review Emails & Daily Priorities,09/15/2026,08:00 AM,09/15/2026,08:30 AM,Review Emails & Daily Priorities time block,Office
Deep Work,09/15/2026,08:30 AM,09/15/2026,10:00 AM,Deep Work time block,Office
Team Meetings,09/15/2026,10:00 AM,09/15/2026,11:00 AM,Team Meetings time block,Office
Product Development Review,09/15/2026,11:00 AM,09/15/2026,12:30 PM,Product Development Review time block,Office
Lunch Break,09/15/2026,12:30 PM,09/15/2026,01:30 PM,Lunch Break time block,Office
Investor/Partner Meetings,09/15/2026,01:30 PM,09/15/2026,03:00 PM,Investor/Partner Meetings time block,Office
Staff Supervision,09/15/2026,03:00 PM,09/15/2026,04:30 PM,Staff Supervision time block,Office
Email Follow-up,09/15/2026,04:30 PM,09/15/2026,05:00 PM,Email Follow-up time block,Office
Review Tomorrow's Schedule,09/15/2026,05:00 PM,09/15/2026,05:30 PM,Review Tomorrow's Schedule time block,Office
Morning Routine & Exercise,09/16/2026,07:00 AM,09/16/2026,08:00 AM,Morning Routine & Exercise time block,Office
Review Emails & Daily Priorities,09/16/2026,08:00 AM,09/16/2026,08:30 AM,Review Emails & Daily Priorities time block,Office
Deep Work,09/16/2026,08:30 AM,09/16/2026,10:00 AM,Deep Work time block,Office
Team Meetings,09/16/2026,10:00 AM,09/16/2026,11:00 AM,Team Meetings time block,Office
Product Development Review,09/16/2026,11:00 AM,09/16/2026,12:30 PM,Product Development Review time block,Office
Lunch Break,09/16/2026,12:30 PM,09/16/2026,01:30 PM,Lunch Break time block,Office
Investor/Partner Meetings,09/16/2026,01:30 PM,09/16/2026,03:00 PM,Investor/Partner Meetings time block,Office
Staff Supervision,09/16/2026,03:00 PM,09/16/2026,04:30 PM,Staff Supervision time block,Office
Email Follow-up,09/16/2026,04:30 PM,09/16/2026,05:00 PM,Email Follow-up time block,Office
Review Tomorrow's Schedule,09/16/2026,05:00 PM,09/16/2026,05:30 PM,Review Tomorrow's Schedule time block,Office
Morning Routine & Exercise,09/17/2026,07:00 AM,09/17/2026,08:00 AM,Morning Routine & Exercise time block,Office
Review Emails & Daily Priorities,09/17/2026,08:00 AM,09/17/2026,08:30 AM,Review Emails & Daily Priorities time block,Office
Deep Work,09/17/2026,08:30 AM,09/17/2026,10:00 AM,Deep Work time block,Office
Team Meetings,09/17/2026,10:00 AM,09/17/2026,11:00 AM,Team Meetings time block,Office
Product Development Review,09/17/2026,11:00 AM,09/17/2026,12:30 PM,Product Development Review time block,Office
Lunch Break,09/17/2026,12:30 PM,09/17/2026,01:30 PM,Lunch Break time block,Office
Investor/Partner Meetings,09/17/2026,01:30 PM,09/17/2026,03:00 PM,Investor/Partner Meetings time block,Office
Staff Supervision,09/17/2026,03:00 PM,09/17/2026,04:30 PM,Staff Supervision time block,Office
Email Follow-up,09/17/2026,04:30 PM,09/17/2026,05:00 PM,Email Follow-up time block,Office
Review Tomorrow's Schedule,09/17/2026,05:00 PM,09/17/2026,05:30 PM,Review Tomorrow's Schedule time block,Office
Morning Routine & Exercise,09/18/2026,07:00 AM,09/18/2026,08:00 AM,Morning Routine & Exercise time block,Office
Review Emails & Daily Priorities,09/18/2026,08:00 AM,09/18/2026,08:30 AM,Review Emails & Daily Priorities time block,Office
Deep Work,09/18/2026,08:30 AM,09/18/2026,10:00 AM,Deep Work time block,Office
Team Meetings,09/18/2026,10:00 AM,09/18/2026,11:00 AM,Team Meetings time block,Office
Product Development Review,09/18/2026,11:00 AM,09/18/2026,12:30 PM,Product Development Review time block,Office
Lunch Break,09/18/2026,12:30 PM,09/18/2026,01:30 PM,Lunch Break time block,Office
Investor/Partner Meetings,09/18/2026,01:30 PM,09/18/2026,03:00 PM,Investor/Partner Meetings time block,Office
Staff Supervision,09/18/2026,03:00 PM,09/18/2026,04:30 PM,Staff Supervision time block,Office
Email Follow-up,09/18/2026,04:30 PM,09/18/2026,05:00 PM,Email Follow-up time block,Office
Review Tomorrow's Schedule,09/18/2026,05:00 PM,09/18/2026,05:30 PM,Review Tomorrow's Schedule time block,Office
Morning Routine & Exercise,09/21/2026,07:00 AM,09/21/2026,08:00 AM,Morning Routine & Exercise time block,Office
Review Emails & Daily Priorities,09/21/2026,08:00 AM,09/21/2026,08:30 AM,Review Emails & Daily Priorities time block,Office
Deep Work,09/21/2026,08:30 AM,09/21/2026,10:00 AM,Deep Work time block,Office
Team Meetings,09/21/2026,10:00 AM,09/21/2026,11:00 AM,Team Meetings time block,Office
Product Development Review,09/21/2026,11:00 AM,09/21/2026,12:30 PM,Product Development Review time block,Office
Lunch Break,09/21/2026,12:30 PM,09/21/2026,01:30 PM,Lunch Break time block,Office
Investor/Partner Meetings,09/21/2026,01:30 PM,09/21/2026,03:00 PM,Investor/Partner Meetings time block,Office
Staff Supervision,09/21/2026,03:00 PM,09/21/2026,04:30 PM,Staff Supervision time block,Office
Email Follow-up,09/21/2026,04:30 PM,09/21/2026,05:00 PM,Email Follow-up time block,Office
Review Tomorrow's Schedule,09/21/2026,05:00 PM,09/21/2026,05:30 PM,Review Tomorrow's Schedule time block,Office
Morning Routine & Exercise,09/22/2026,07:00 AM,09/22/2026,08:00 AM,Morning Routine & Exercise time block,Office
Review Emails & Daily Priorities,09/22/2026,08:00 AM,09/22/2026,08:30 AM,Review Emails & Daily Priorities time block,Office
Deep Work,09/22/2026,08:30 AM,09/22/2026,10:00 AM,Deep Work time block,Office
Team Meetings,09/22/2026,10:00 AM,09/22/2026,11:00 AM,Team Meetings time block,Office
Product Development Review,09/22/2026,11:00 AM,09/22/2026,12:30 PM,Product Development Review time block,Office
Lunch Break,09/22/2026,12:30 PM,09/22/2026,01:30 PM,Lunch Break time block,Office
Investor/Partner Meetings,09/22/2026,01:30 PM,09/22/2026,03:00 PM,Investor/Partner Meetings time block,Office
Staff Supervision,09/22/2026,03:00 PM,09/22/2026,04:30 PM,Staff Supervision time block,Office
Email Follow-up,09/22/2026,04:30 PM,09/22/2026,05:00 PM,Email Follow-up time block,Office
Review Tomorrow's Schedule,09/22/2026,05:00 PM,09/22/2026,05:30 PM,Review Tomorrow's Schedule time block,Office
Morning Routine & Exercise,09/23/2026,07:00 AM,09/23/2026,08:00 AM,Morning Routine & Exercise time block,Office
Review Emails & Daily Priorities,09/23/2026,08:00 AM,09/23/2026,08:30 AM,Review Emails & Daily Priorities time block,Office
Deep Work,09/23/2026,08:30 AM,09/23/2026,10:00 AM,Deep Work time block,Office
Team Meetings,09/23/2026,10:00 AM,09/23/2026,11:00 AM,Team Meetings time block,Office
Product Development Review,09/23/2026,11:00 AM,09/23/2026,12:30 PM,Product Development Review time block,Office
Lunch Break,09/23/2026,12:30 PM,09/23/2026,01:30 PM,Lunch Break time block,Office
Investor/Partner Meetings,09/23/2026,01:30 PM,09/23/2026,03:00 PM,Investor/Partner Meetings time block,Office
Staff Supervision,09/23/2026,03:00 PM,09/23/2026,04:30 PM,Staff Supervision time block,Office
Email Follow-up,09/23/2026,04:30 PM,09/23/2026,05:00 PM,Email Follow-up time block,Office
Review Tomorrow's Schedule,09/23/2026,05:00 PM,09/23/2026,05:30 PM,Review Tomorrow's Schedule time block,Office
Morning Routine & Exercise,09/24/2026,07:00 AM,09/24/2026,08:00 AM,Morning Routine & Exercise time block,Office
Review Emails & Daily Priorities,09/24/2026,08:00 AM,09/24/2026,08:30 AM,Review Emails & Daily Priorities time block,Office
Deep Work,09/24/2026,08:30 AM,09/24/2026,10:00 AM,Deep Work time block,Office
Team Meetings,09/24/2026,10:00 AM,09/24/2026,11:00 AM,Team Meetings time block,Office
Product Development Review,09/24/2026,11:00 AM,09/24/2026,12:30 PM,Product Development Review time block,Office
Lunch Break,09/24/2026,12:30 PM,09/24/2026,01:30 PM,Lunch Break time block,Office
Investor/Partner Meetings,09/24/2026,01:30 PM,09/24/2026,03:00 PM,Investor/Partner Meetings time block,Office
Staff Supervision,09/24/2026,03:00 PM,09/24/2026,04:30 PM,Staff Supervision time block,Office
Email Follow-up,09/24/2026,04:30 PM,09/24/2026,05:00 PM,Email Follow-up time block,Office
Review Tomorrow's Schedule,09/24/2026,05:00 PM,09/24/2026,05:30 PM,Review Tomorrow's Schedule time block,Office
Morning Routine & Exercise,09/25/2026,07:00 AM,09/25/2026,08:00 AM,Morning Routine & Exercise time block,Office
Review Emails & Daily Priorities,09/25/2026,08:00 AM,09/25/2026,08:30 AM,Review Emails & Daily Priorities time block,Office
Deep Work,09/25/2026,08:30 AM,09/25/2026,10:00 AM,Deep Work time block,Office
Team Meetings,09/25/2026,10:00 AM,09/25/2026,11:00 AM,Team Meetings time block,Office
Product Development Review,09/25/2026,11:00 AM,09/25/2026,12:30 PM,Product Development Review time block,Office
Lunch Break,09/25/2026,12:30 PM,09/25/2026,01:30 PM,Lunch Break time block,Office
Investor/Partner Meetings,09/25/2026,01:30 PM,09/25/2026,03:00 PM,Investor/Partner Meetings time block,Office
Staff Supervision,09/25/2026,03:00 PM,09/25/2026,04:30 PM,Staff Supervision time block,Office
Email Follow-up,09/25/2026,04:30 PM,09/25/2026,05:00 PM,Email Follow-up time block,Office
Review Tomorrow's Schedule,09/25/2026,05:00 PM,09/25/2026,05:30 PM,Review Tomorrow's Schedule time block,Office
Morning Routine & Exercise,09/28/2026,07:00 AM,09/28/2026,08:00 AM,Morning Routine & Exercise time block,Office
Review Emails & Daily Priorities,09/28/2026,08:00 AM,09/28/2026,08:30 AM,Review Emails & Daily Priorities time block,Office
Deep Work,09/28/2026,08:30 AM,09/28/2026,10:00 AM,Deep Work time block,Office
Team Meetings,09/28/2026,10:00 AM,09/28/2026,11:00 AM,Team Meetings time block,Office
Product Development Review,09/28/2026,11:00 AM,09/28/2026,12:30 PM,Product Development Review time block,Office
Lunch Break,09/28/2026,12:30 PM,09/28/2026,01:30 PM,Lunch Break time block,Office
Investor/Partner Meetings,09/28/2026,01:30 PM,09/28/2026,03:00 PM,Investor/Partner Meetings time block,Office
Staff Supervision,09/28/2026,03:00 PM,09/28/2026,04:30 PM,Staff Supervision time block,Office
Email Follow-up,09/28/2026,04:30 PM,09/28/2026,05:00 PM,Email Follow-up time block,Office
Review Tomorrow's Schedule,09/28/2026,05:00 PM,09/28/2026,05:30 PM,Review Tomorrow's Schedule time block,Office
Morning Routine & Exercise,09/29/2026,07:00 AM,09/29/2026,08:00 AM,Morning Routine & Exercise time block,Office
Review Emails & Daily Priorities,09/29/2026,08:00 AM,09/29/2026,08:30 AM,Review Emails & Daily Priorities time block,Office
Deep Work,09/29/2026,08:30 AM,09/29/2026,10:00 AM,Deep Work time block,Office
Team Meetings,09/29/2026,10:00 AM,09/29/2026,11:00 AM,Team Meetings time block,Office
Product Development Review,09/29/2026,11:00 AM,09/29/2026,12:30 PM,Product Development Review time block,Office
Lunch Break,09/29/2026,12:30 PM,09/29/2026,01:30 PM,Lunch Break time block,Office
Investor/Partner Meetings,09/29/2026,01:30 PM,09/29/2026,03:00 PM,Investor/Partner Meetings time block,Office
Staff Supervision,09/29/2026,03:00 PM,09/29/2026,04:30 PM,Staff Supervision time block,Office
Email Follow-up,09/29/2026,04:30 PM,09/29/2026,05:00 PM,Email Follow-up time block,Office
Review Tomorrow's Schedule,09/29/2026,05:00 PM,09/29/2026,05:30 PM,Review Tomorrow's Schedule time block,Office
Morning Routine & Exercise,09/30/2026,07:00 AM,09/30/2026,08:00 AM,Morning Routine & Exercise time block,Office
Review Emails & Daily Priorities,09/30/2026,08:00 AM,09/30/2026,08:30 AM,Review Emails & Daily Priorities time block,Office
Deep Work,09/30/2026,08:30 AM,09/30/2026,10:00 AM,Deep Work time block,Office
Team Meetings,09/30/2026,10:00 AM,09/30/2026,11:00 AM,Team Meetings time block,Office
Product Development Review,09/30/2026,11:00 AM,09/30/2026,12:30 PM,Product Development Review time block,Office
Lunch Break,09/30/2026,12:30 PM,09/30/2026,01:30 PM,Lunch Break time block,Office
Investor/Partner Meetings,09/30/2026,01:30 PM,09/30/2026,03:00 PM,Investor/Partner Meetings time block,Office
Staff Supervision,09/30/2026,03:00 PM,09/30/2026,04:30 PM,Staff Supervision time block,Office
Email Follow-up,09/30/2026,04:30 PM,09/30/2026,05:00 PM,Email Follow-up time block,Office
Review Tomorrow's Schedule,09/30/2026,05:00 PM,09/30/2026,05:30 PM,Review Tomorrow's Schedule time block,Office
Morning Routine & Exercise,10/01/2026,07:00 AM,10/01/2026,08:00 AM,Morning Routine & Exercise time block,Office
Review Emails & Daily Priorities,10/01/2026,08:00 AM,10/01/2026,08:30 AM,Review Emails & Daily Priorities time block,Office
Deep Work,10/01/2026,08:30 AM,10/01/2026,10:00 AM,Deep Work time block,Office
Team Meetings,10/01/2026,10:00 AM,10/01/2026,11:00 AM,Team Meetings time block,Office
Product Development Review,10/01/2026,11:00 AM,10/01/2026,12:30 PM,Product Development Review time block,Office
Lunch Break,10/01/2026,12:30 PM,10/01/2026,01:30 PM,Lunch Break time block,Office
Investor/Partner Meetings,10/01/2026,01:30 PM,10/01/2026,03:00 PM,Investor/Partner Meetings time block,Office
Staff Supervision,10/01/2026,03:00 PM,10/01/2026,04:30 PM,Staff Supervision time block,Office
Email Follow-up,10/01/2026,04:30 PM,10/01/2026,05:00 PM,Email Follow-up time block,Office
Review Tomorrow's Schedule,10/01/2026,05:00 PM,10/01/2026,05:30 PM,Review Tomorrow's Schedule time block,Office
Morning Routine & Exercise,10/02/2026,07:00 AM,10/02/2026,08:00 AM,Morning Routine & Exercise time block,Office
Review Emails & Daily Priorities,10/02/2026,08:00 AM,10/02/2026,08:30 AM,Review Emails & Daily Priorities time block,Office
Deep Work,10/02/2026,08:30 AM,10/02/2026,10:00 AM,Deep Work time block,Office
Team Meetings,10/02/2026,10:00 AM,10/02/2026,11:00 AM,Team Meetings time block,Office
Product Development Review,10/02/2026,11:00 AM,10/02/2026,12:30 PM,Product Development Review time block,Office
Lunch Break,10/02/2026,12:30 PM,10/02/2026,01:30 PM,Lunch Break time block,Office
Investor/Partner Meetings,10/02/2026,01:30 PM,10/02/2026,03:00 PM,Investor/Partner Meetings time block,Office
Staff Supervision,10/02/2026,03:00 PM,10/02/2026,04:30 PM,Staff Supervision time block,Office
Email Follow-up,10/02/2026,04:30 PM,10/02/2026,05:00 PM,Email Follow-up time block,Office
Review Tomorrow's Schedule,10/02/2026,05:00 PM,10/02/2026,05:30 PM,Review Tomorrow's Schedule time block,Office
Morning Routine & Exercise,10/05/2026,07:00 AM,10/05/2026,08:00 AM,Morning Routine & Exercise time block,Office
Review Emails & Daily Priorities,10/05/2026,08:00 AM,10/05/2026,08:30 AM,Review Emails & Daily Priorities time block,Office
Deep Work,10/05/2026,08:30 AM,10/05/2026,10:00 AM,Deep Work time block,Office
Team Meetings,10/05/2026,10:00 AM,10/05/2026,11:00 AM,Team Meetings time block,Office
Product Development Review,10/05/2026,11:00 AM,10/05/2026,12:30 PM,Product Development Review time block,Office
Lunch Break,10/05/2026,12:30 PM,10/05/2026,01:30 PM,Lunch Break time block,Office
Investor/Partner Meetings,10/05/2026,01:30 PM,10/05/2026,03:00 PM,Investor/Partner Meetings time block,Office
Staff Supervision,10/05/2026,03:00 PM,10/05/2026,04:30 PM,Staff Supervision time block,Office
Email Follow-up,10/05/2026,04:30 PM,10/05/2026,05:00 PM,Email Follow-up time block,Office
Review Tomorrow's Schedule,10/05/2026,05:00 PM,10/05/2026,05:30 PM,Review Tomorrow's Schedule time block,Office
Morning Routine & Exercise,10/06/2026,07:00 AM,10/06/2026,08:00 AM,Morning Routine & Exercise time block,Office
Review Emails & Daily Priorities,10/06/2026,08:00 AM,10/06/2026,08:30 AM,Review Emails & Daily Priorities time block,Office
Deep Work,10/06/2026,08:30 AM,10/06/2026,10:00 AM,Deep Work time block,Office
Team Meetings,10/06/2026,10:00 AM,10/06/2026,11:00 AM,Team Meetings time block,Office
Product Development Review,10/06/2026,11:00 AM,10/06/2026,12:30 PM,Product Development Review time block,Office
Lunch Break,10/06/2026,12:30 PM,10/06/2026,01:30 PM,Lunch Break time block,Office
Investor/Partner Meetings,10/06/2026,01:30 PM,10/06/2026,03:00 PM,Investor/Partner Meetings time block,Office
Staff Supervision,10/06/2026,03:00 PM,10/06/2026,04:30 PM,Staff Supervision time block,Office
Email Follow-up,10/06/2026,04:30 PM,10/06/2026,05:00 PM,Email Follow-up time block,Office
Review Tomorrow's Schedule,10/06/2026,05:00 PM,10/06/2026,05:30 PM,Review Tomorrow's Schedule time block,Office
Morning Routine & Exercise,10/07/2026,07:00 AM,10/07/2026,08:00 AM,Morning Routine & Exercise time block,Office
Review Emails & Daily Priorities,10/07/2026,08:00 AM,10/07/2026,08:30 AM,Review Emails & Daily Priorities time block,Office
Deep Work,10/07/2026,08:30 AM,10/07/2026,10:00 AM,Deep Work time block,Office
Team Meetings,10/07/2026,10:00 AM,10/07/2026,11:00 AM,Team Meetings time block,Office
Product Development Review,10/07/2026,11:00 AM,10/07/2026,12:30 PM,Product Development Review time block,Office
Lunch Break,10/07/2026,12:30 PM,10/07/2026,01:30 PM,Lunch Break time block,Office
Investor/Partner Meetings,10/07/2026,01:30 PM,10/07/2026,03:00 PM,Investor/Partner Meetings time block,Office
Staff Supervision,10/07/2026,03:00 PM,10/07/2026,04:30 PM,Staff Supervision time block,Office
Email Follow-up,10/07/2026,04:30 PM,10/07/2026,05:00 PM,Email Follow-up time block,Office
Review Tomorrow's Schedule,10/07/2026,05:00 PM,10/07/2026,05:30 PM,Review Tomorrow's Schedule time block,Office
Morning Routine & Exercise,10/08/2026,07:00 AM,10/08/2026,08:00 AM,Morning Routine & Exercise time block,Office
Review Emails & Daily Priorities,10/08/2026,08:00 AM,10/08/2026,08:30 AM,Review Emails & Daily Priorities time block,Office
Deep Work,10/08/2026,08:30 AM,10/08/2026,10:00 AM,Deep Work time block,Office
Team Meetings,10/08/2026,10:00 AM,10/08/2026,11:00 AM,Team Meetings time block,Office
Product Development Review,10/08/2026,11:00 AM,10/08/2026,12:30 PM,Product Development Review time block,Office
Lunch Break,10/08/2026,12:30 PM,10/08/2026,01:30 PM,Lunch Break time block,Office
Investor/Partner Meetings,10/08/2026,01:30 PM,10/08/2026,03:00 PM,Investor/Partner Meetings time block,Office
Staff Supervision,10/08/2026,03:00 PM,10/08/2026,04:30 PM,Staff Supervision time block,Office
Email Follow-up,10/08/2026,04:30 PM,10/08/2026,05:00 PM,Email Follow-up time block,Office
Review Tomorrow's Schedule,10/08/2026,05:00 PM,10/08/2026,05:30 PM,Review Tomorrow's Schedule time block,Office
Morning Routine & Exercise,10/09/2026,07:00 AM,10/09/2026,08:00 AM,Morning Routine & Exercise time block,Office
Review Emails & Daily Priorities,10/09/2026,08:00 AM,10/09/2026,08:30 AM,Review Emails & Daily Priorities time block,Office
Deep Work,10/09/2026,08:30 AM,10/09/2026,10:00 AM,Deep Work time block,Office
Team Meetings,10/09/2026,10:00 AM,10/09/2026,11:00 AM,Team Meetings time block,Office
Product Development Review,10/09/2026,11:00 AM,10/09/2026,12:30 PM,Product Development Review time block,Office
Lunch Break,10/09/2026,12:30 PM,10/09/2026,01:30 PM,Lunch Break time block,Office
Investor/Partner Meetings,10/09/2026,01:30 PM,10/09/2026,03:00 PM,Investor/Partner Meetings time block,Office
Staff Supervision,10/09/2026,03:00 PM,10/09/2026,04:30 PM,Staff Supervision time block,Office
Email Follow-up,10/09/2026,04:30 PM,10/09/2026,05:00 PM,Email Follow-up time block,Office
Review Tomorrow's Schedule,10/09/2026,05:00 PM,10/09/2026,05:30 PM,Review Tomorrow's Schedule time block,Office
Morning Routine & Exercise,10/12/2026,07:00 AM,10/12/2026,08:00 AM,Morning Routine & Exercise time block,Office
Review Emails & Daily Priorities,10/12/2026,08:00 AM,10/12/2026,08:30 AM,Review Emails & Daily Priorities time block,Office
Deep Work,10/12/2026,08:30 AM,10/12/2026,10:00 AM,Deep Work time block,Office
Team Meetings,10/12/2026,10:00 AM,10/12/2026,11:00 AM,Team Meetings time block,Office
Product Development Review,10/12/2026,11:00 AM,10/12/2026,12:30 PM,Product Development Review time block,Office
Lunch Break,10/12/2026,12:30 PM,10/12/2026,01:30 PM,Lunch Break time block,Office
Investor/Partner Meetings,10/12/2026,01:30 PM,10/12/2026,03:00 PM,Investor/Partner Meetings time block,Office
Staff Supervision,10/12/2026,03:00 PM,10/12/2026,04:30 PM,Staff Supervision time block,Office
Email Follow-up,10/12/2026,04:30 PM,10/12/2026,05:00 PM,Email Follow-up time block,Office
Review Tomorrow's Schedule,10/12/2026,05:00 PM,10/12/2026,05:30 PM,Review Tomorrow's Schedule time block,Office
Morning Routine & Exercise,10/13/2026,07:00 AM,10/13/2026,08:00 AM,Morning Routine & Exercise time block,Office
Review Emails & Daily Priorities,10/13/2026,08:00 AM,10/13/2026,08:30 AM,Review Emails & Daily Priorities time block,Office
Deep Work,10/13/2026,08:30 AM,10/13/2026,10:00 AM,Deep Work time block,Office
Team Meetings,10/13/2026,10:00 AM,10/13/2026,11:00 AM,Team Meetings time block,Office
Product Development Review,10/13/2026,11:00 AM,10/13/2026,12:30 PM,Product Development Review time block,Office
Lunch Break,10/13/2026,12:30 PM,10/13/2026,01:30 PM,Lunch Break time block,Office
Investor/Partner Meetings,10/13/2026,01:30 PM,10/13/2026,03:00 PM,Investor/Partner Meetings time block,Office
Staff Supervision,10/13/2026,03:00 PM,10/13/2026,04:30 PM,Staff Supervision time block,Office
Email Follow-up,10/13/2026,04:30 PM,10/13/2026,05:00 PM,Email Follow-up time block,Office
Review Tomorrow's Schedule,10/13/2026,05:00 PM,10/13/2026,05:30 PM,Review Tomorrow's Schedule time block,Office
Morning Routine & Exercise,10/14/2026,07:00 AM,10/14/2026,08:00 AM,Morning Routine & Exercise time block,Office
Review Emails & Daily Priorities,10/14/2026,08:00 AM,10/14/2026,08:30 AM,Review Emails & Daily Priorities time block,Office
Deep Work,10/14/2026,08:30 AM,10/14/2026,10:00 AM,Deep Work time block,Office
Team Meetings,10/14/2026,10:00 AM,10/14/2026,11:00 AM,Team Meetings time block,Office
Product Development Review,10/14/2026,11:00 AM,10/14/2026,12:30 PM,Product Development Review time block,Office
Lunch Break,10/14/2026,12:30 PM,10/14/2026,01:30 PM,Lunch Break time block,Office
Investor/Partner Meetings,10/14/2026,01:30 PM,10/14/2026,03:00 PM,Investor/Partner Meetings time block,Office
Staff Supervision,10/14/2026,03:00 PM,10/14/2026,04:30 PM,Staff Supervision time block,Office
Email Follow-up,10/14/2026,04:30 PM,10/14/2026,05:00 PM,Email Follow-up time block,Office
Review Tomorrow's Schedule,10/14/2026,05:00 PM,10/14/2026,05:30 PM,Review Tomorrow's Schedule time block,Office
Morning Routine & Exercise,10/15/2026,07:00 AM,10/15/2026,08:00 AM,Morning Routine & Exercise time block,Office
Review Emails & Daily Priorities,10/15/2026,08:00 AM,10/15/2026,08:30 AM,Review Emails & Daily Priorities time block,Office
Deep Work,10/15/2026,08:30 AM,10/15/2026,10:00 AM,Deep Work time block,Office
Team Meetings,10/15/2026,10:00 AM,10/15/2026,11:00 AM,Team Meetings time block,Office
Product Development Review,10/15/2026,11:00 AM,10/15/2026,12:30 PM,Product Development Review time block,Office
Lunch Break,10/15/2026,12:30 PM,10/15/2026,01:30 PM,Lunch Break time block,Office
Investor/Partner Meetings,10/15/2026,01:30 PM,10/15/2026,03:00 PM,Investor/Partner Meetings time block,Office
Staff Supervision,10/15/2026,03:00 PM,10/15/2026,04:30 PM,Staff Supervision time block,Office
Email Follow-up,10/15/2026,04:30 PM,10/15/2026,05:00 PM,Email Follow-up time block,Office
Review Tomorrow's Schedule,10/15/2026,05:00 PM,10/15/2026,05:30 PM,Review Tomorrow's Schedule time block,Office
Morning Routine & Exercise,10/16/2026,07:00 AM,10/16/2026,08:00 AM,Morning Routine & Exercise time block,Office
Review Emails & Daily Priorities,10/16/2026,08:00 AM,10/16/2026,08:30 AM,Review Emails & Daily Priorities time block,Office
Deep Work,10/16/2026,08:30 AM,10/16/2026,10:00 AM,Deep Work time block,Office
Team Meetings,10/16/2026,10:00 AM,10/16/2026,11:00 AM,Team Meetings time block,Office
Product Development Review,10/16/2026,11:00 AM,10/16/2026,12:30 PM,Product Development Review time block,Office
Lunch Break,10/16/2026,12:30 PM,10/16/2026,01:30 PM,Lunch Break time block,Office
Investor/Partner Meetings,10/16/2026,01:30 PM,10/16/2026,03:00 PM,Investor/Partner Meetings time block,Office
Staff Supervision,10/16/2026,03:00 PM,10/16/2026,04:30 PM,Staff Supervision time block,Office
Email Follow-up,10/16/2026,04:30 PM,10/16/2026,05:00 PM,Email Follow-up time block,Office
Review Tomorrow's Schedule,10/16/2026,05:00 PM,10/16/2026,05:30 PM,Review Tomorrow's Schedule time block,Office
Morning Routine & Exercise,10/19/2026,07:00 AM,10/19/2026,08:00 AM,Morning Routine & Exercise time block,Office
Review Emails & Daily Priorities,10/19/2026,08:00 AM,10/19/2026,08:30 AM,Review Emails & Daily Priorities time block,Office
Deep Work,10/19/2026,08:30 AM,10/19/2026,10:00 AM,Deep Work time block,Office
Team Meetings,10/19/2026,10:00 AM,10/19/2026,11:00 AM,Team Meetings time block,Office
Product Development Review,10/19/2026,11:00 AM,10/19/2026,12:30 PM,Product Development Review time block,Office
Lunch Break,10/19/2026,12:30 PM,10/19/2026,01:30 PM,Lunch Break time block,Office
Investor/Partner Meetings,10/19/2026,01:30 PM,10/19/2026,03:00 PM,Investor/Partner Meetings time block,Office
Staff Supervision,10/19/2026,03:00 PM,10/19/2026,04:30 PM,Staff Supervision time block,Office
Email Follow-up,10/19/2026,04:30 PM,10/19/2026,05:00 PM,Email Follow-up time block,Office
Review Tomorrow's Schedule,10/19/2026,05:00 PM,10/19/2026,05:30 PM,Review Tomorrow's Schedule time block,Office
Morning Routine & Exercise,10/20/2026,07:00 AM,10/20/2026,08:00 AM,Morning Routine & Exercise time block,Office
Review Emails & Daily Priorities,10/20/2026,08:00 AM,10/20/2026,08:30 AM,Review Emails & Daily Priorities time block,Office
Deep Work,10/20/2026,08:30 AM,10/20/2026,10:00 AM,Deep Work time block,Office
Team Meetings,10/20/2026,10:00 AM,10/20/2026,11:00 AM,Team Meetings time block,Office
Product Development Review,10/20/2026,11:00 AM,10/20/2026,12:30 PM,Product Development Review time block,Office
Lunch Break,10/20/2026,12:30 PM,10/20/2026,01:30 PM,Lunch Break time block,Office
Investor/Partner Meetings,10/20/2026,01:30 PM,10/20/2026,03:00 PM,Investor/Partner Meetings time block,Office
Staff Supervision,10/20/2026,03:00 PM,10/20/2026,04:30 PM,Staff Supervision time block,Office
Email Follow-up,10/20/2026,04:30 PM,10/20/2026,05:00 PM,Email Follow-up time block,Office
Review Tomorrow's Schedule,10/20/2026,05:00 PM,10/20/2026,05:30 PM,Review Tomorrow's Schedule time block,Office
Morning Routine & Exercise,10/21/2026,07:00 AM,10/21/2026,08:00 AM,Morning Routine & Exercise time block,Office
Review Emails & Daily Priorities,10/21/2026,08:00 AM,10/21/2026,08:30 AM,Review Emails & Daily Priorities time block,Office
Deep Work,10/21/2026,08:30 AM,10/21/2026,10:00 AM,Deep Work time block,Office
Team Meetings,10/21/2026,10:00 AM,10/21/2026,11:00 AM,Team Meetings time block,Office
Product Development Review,10/21/2026,11:00 AM,10/21/2026,12:30 PM,Product Development Review time block,Office
Lunch Break,10/21/2026,12:30 PM,10/21/2026,01:30 PM,Lunch Break time block,Office
Investor/Partner Meetings,10/21/2026,01:30 PM,10/21/2026,03:00 PM,Investor/Partner Meetings time block,Office
Staff Supervision,10/21/2026,03:00 PM,10/21/2026,04:30 PM,Staff Supervision time block,Office
Email Follow-up,10/21/2026,04:30 PM,10/21/2026,05:00 PM,Email Follow-up time block,Office
Review Tomorrow's Schedule,10/21/2026,05:00 PM,10/21/2026,05:30 PM,Review Tomorrow's Schedule time block,Office
Morning Routine & Exercise,10/22/2026,07:00 AM,10/22/2026,08:00 AM,Morning Routine & Exercise time block,Office
Review Emails & Daily Priorities,10/22/2026,08:00 AM,10/22/2026,08:30 AM,Review Emails & Daily Priorities time block,Office
Deep Work,10/22/2026,08:30 AM,10/22/2026,10:00 AM,Deep Work time block,Office
Team Meetings,10/22/2026,10:00 AM,10/22/2026,11:00 AM,Team Meetings time block,Office
Product Development Review,10/22/2026,11:00 AM,10/22/2026,12:30 PM,Product Development Review time block,Office
Lunch Break,10/22/2026,12:30 PM,10/22/2026,01:30 PM,Lunch Break time block,Office
Investor/Partner Meetings,10/22/2026,01:30 PM,10/22/2026,03:00 PM,Investor/Partner Meetings time block,Office
Staff Supervision,10/22/2026,03:00 PM,10/22/2026,04:30 PM,Staff Supervision time block,Office
Email Follow-up,10/22/2026,04:30 PM,10/22/2026,05:00 PM,Email Follow-up time block,Office
Review Tomorrow's Schedule,10/22/2026,05:00 PM,10/22/2026,05:30 PM,Review Tomorrow's Schedule time block,Office
Morning Routine & Exercise,10/23/2026,07:00 AM,10/23/2026,08:00 AM,Morning Routine & Exercise time block,Office
Review Emails & Daily Priorities,10/23/2026,08:00 AM,10/23/2026,08:30 AM,Review Emails & Daily Priorities time block,Office
Deep Work,10/23/2026,08:30 AM,10/23/2026,10:00 AM,Deep Work time block,Office
Team Meetings,10/23/2026,10:00 AM,10/23/2026,11:00 AM,Team Meetings time block,Office
Product Development Review,10/23/2026,11:00 AM,10/23/2026,12:30 PM,Product Development Review time block,Office
Lunch Break,10/23/2026,12:30 PM,10/23/2026,01:30 PM,Lunch Break time block,Office
Investor/Partner Meetings,10/23/2026,01:30 PM,10/23/2026,03:00 PM,Investor/Partner Meetings time block,Office
Staff Supervision,10/23/2026,03:00 PM,10/23/2026,04:30 PM,Staff Supervision time block,Office
Email Follow-up,10/23/2026,04:30 PM,10/23/2026,05:00 PM,Email Follow-up time block,Office
Review Tomorrow's Schedule,10/23/2026,05:00 PM,10/23/2026,05:30 PM,Review Tomorrow's Schedule time block,Office
Morning Routine & Exercise,10/26/2026,07:00 AM,10/26/2026,08:00 AM,Morning Routine & Exercise time block,Office
Review Emails & Daily Priorities,10/26/2026,08:00 AM,10/26/2026,08:30 AM,Review Emails & Daily Priorities time block,Office
Deep Work,10/26/2026,08:30 AM,10/26/2026,10:00 AM,Deep Work time block,Office
Team Meetings,10/26/2026,10:00 AM,10/26/2026,11:00 AM,Team Meetings time block,Office
Product Development Review,10/26/2026,11:00 AM,10/26/2026,12:30 PM,Product Development Review time block,Office
Lunch Break,10/26/2026,12:30 PM,10/26/2026,01:30 PM,Lunch Break time block,Office
Investor/Partner Meetings,10/26/2026,01:30 PM,10/26/2026,03:00 PM,Investor/Partner Meetings time block,Office
Staff Supervision,10/26/2026,03:00 PM,10/26/2026,04:30 PM,Staff Supervision time block,Office
Email Follow-up,10/26/2026,04:30 PM,10/26/2026,05:00 PM,Email Follow-up time block,Office
Review Tomorrow's Schedule,10/26/2026,05:00 PM,10/26/2026,05:30 PM,Review Tomorrow's Schedule time block,Office
Morning Routine & Exercise,10/27/2026,07:00 AM,10/27/2026,08:00 AM,Morning Routine & Exercise time block,Office
Review Emails & Daily Priorities,10/27/2026,08:00 AM,10/27/2026,08:30 AM,Review Emails & Daily Priorities time block,Office
Deep Work,10/27/2026,08:30 AM,10/27/2026,10:00 AM,Deep Work time block,Office
Team Meetings,10/27/2026,10:00 AM,10/27/2026,11:00 AM,Team Meetings time block,Office
Product Development Review,10/27/2026,11:00 AM,10/27/2026,12:30 PM,Product Development Review time block,Office
Lunch Break,10/27/2026,12:30 PM,10/27/2026,01:30 PM,Lunch Break time block,Office
Investor/Partner Meetings,10/27/2026,01:30 PM,10/27/2026,03:00 PM,Investor/Partner Meetings time block,Office
Staff Supervision,10/27/2026,03:00 PM,10/27/2026,04:30 PM,Staff Supervision time block,Office
Email Follow-up,10/27/2026,04:30 PM,10/27/2026,05:00 PM,Email Follow-up time block,Office
Review Tomorrow's Schedule,10/27/2026,05:00 PM,10/27/2026,05:30 PM,Review Tomorrow's Schedule time block,Office
Morning Routine & Exercise,10/28/2026,07:00 AM,10/28/2026,08:00 AM,Morning Routine & Exercise time block,Office
Review Emails & Daily Priorities,10/28/2026,08:00 AM,10/28/2026,08:30 AM,Review Emails & Daily Priorities time block,Office
Deep Work,10/28/2026,08:30 AM,10/28/2026,10:00 AM,Deep Work time block,Office
Team Meetings,10/28/2026,10:00 AM,10/28/2026,11:00 AM,Team Meetings time block,Office
Product Development Review,10/28/2026,11:00 AM,10/28/2026,12:30 PM,Product Development Review time block,Office
Lunch Break,10/28/2026,12:30 PM,10/28/2026,01:30 PM,Lunch Break time block,Office
Investor/Partner Meetings,10/28/2026,01:30 PM,10/28/2026,03:00 PM,Investor/Partner Meetings time block,Office
Staff Supervision,10/28/2026,03:00 PM,10/28/2026,04:30 PM,Staff Supervision time block,Office
Email Follow-up,10/28/2026,04:30 PM,10/28/2026,05:00 PM,Email Follow-up time block,Office
Review Tomorrow's Schedule,10/28/2026,05:00 PM,10/28/2026,05:30 PM,Review Tomorrow's Schedule time block,Office
Morning Routine & Exercise,10/29/2026,07:00 AM,10/29/2026,08:00 AM,Morning Routine & Exercise time block,Office
Review Emails & Daily Priorities,10/29/2026,08:00 AM,10/29/2026,08:30 AM,Review Emails & Daily Priorities time block,Office
Deep Work,10/29/2026,08:30 AM,10/29/2026,10:00 AM,Deep Work time block,Office
Team Meetings,10/29/2026,10:00 AM,10/29/2026,11:00 AM,Team Meetings time block,Office
Product Development Review,10/29/2026,11:00 AM,10/29/2026,12:30 PM,Product Development Review time block,Office
Lunch Break,10/29/2026,12:30 PM,10/29/2026,01:30 PM,Lunch Break time block,Office
Investor/Partner Meetings,10/29/2026,01:30 PM,10/29/2026,03:00 PM,Investor/Partner Meetings time block,Office
Staff Supervision,10/29/2026,03:00 PM,10/29/2026,04:30 PM,Staff Supervision time block,Office
Email Follow-up,10/29/2026,04:30 PM,10/29/2026,05:00 PM,Email Follow-up time block,Office
Review Tomorrow's Schedule,10/29/2026,05:00 PM,10/29/2026,05:30 PM,Review Tomorrow's Schedule time block,Office
Morning Routine & Exercise,10/30/2026,07:00 AM,10/30/2026,08:00 AM,Morning Routine & Exercise time block,Office
Review Emails & Daily Priorities,10/30/2026,08:00 AM,10/30/2026,08:30 AM,Review Emails & Daily Priorities time block,Office
Deep Work,10/30/2026,08:30 AM,10/30/2026,10:00 AM,Deep Work time block,Office
Team Meetings,10/30/2026,10:00 AM,10/30/2026,11:00 AM,Team Meetings time block,Office
Product Development Review,10/30/2026,11:00 AM,10/30/2026,12:30 PM,Product Development Review time block,Office
Lunch Break,10/30/2026,12:30 PM,10/30/2026,01:30 PM,Lunch Break time block,Office
Investor/Partner Meetings,10/30/2026,01:30 PM,10/30/2026,03:00 PM,Investor/Partner Meetings time block,Office
Staff Supervision,10/30/2026,03:00 PM,10/30/2026,04:30 PM,Staff Supervision time block,Office
Email Follow-up,10/30/2026,04:30 PM,10/30/2026,05:00 PM,Email Follow-up time block,Office
Review Tomorrow's Schedule,10/30/2026,05:00 PM,10/30/2026,05:30 PM,Review Tomorrow's Schedule time block,Office
Executive Strategy Sync,08/03/2026,10:00 AM,08/03/2026,11:00 AM,Weekly executive strategy,Google Meet
Executive Strategy Sync,08/10/2026,10:00 AM,08/10/2026,11:00 AM,Weekly executive strategy,Google Meet
Executive Strategy Sync,08/17/2026,10:00 AM,08/17/2026,11:00 AM,Weekly executive strategy,Google Meet
Executive Strategy Sync,08/24/2026,10:00 AM,08/24/2026,11:00 AM,Weekly executive strategy,Google Meet
Executive Strategy Sync,08/31/2026,10:00 AM,08/31/2026,11:00 AM,Weekly executive strategy,Google Meet
Executive Strategy Sync,09/07/2026,10:00 AM,09/07/2026,11:00 AM,Weekly executive strategy,Google Meet
Executive Strategy Sync,09/14/2026,10:00 AM,09/14/2026,11:00 AM,Weekly executive strategy,Google Meet
Executive Strategy Sync,09/21/2026,10:00 AM,09/21/2026,11:00 AM,Weekly executive strategy,Google Meet
Executive Strategy Sync,09/28/2026,10:00 AM,09/28/2026,11:00 AM,Weekly executive strategy,Google Meet
Executive Strategy Sync,10/05/2026,10:00 AM,10/05/2026,11:00 AM,Weekly executive strategy,Google Meet
Executive Strategy Sync,10/12/2026,10:00 AM,10/12/2026,11:00 AM,Weekly executive strategy,Google Meet
Executive Strategy Sync,10/19/2026,10:00 AM,10/19/2026,11:00 AM,Weekly executive strategy,Google Meet
Executive Strategy Sync,10/26/2026,10:00 AM,10/26/2026,11:00 AM,Weekly executive strategy,Google Meet
Investor Funding Progress Call,08/19/2026,02:00 PM,08/19/2026,03:00 PM,Investor Funding Progress Call,Google Meet
Product Sprint Review,08/14/2026,10:00 AM,08/14/2026,11:30 AM,Product Sprint Review,Google Meet
Beta Launch Preparation,08/28/2026,11:00 AM,08/28/2026,12:00 PM,Beta Launch Preparation,Google Meet
Internal Strategy Meeting,09/02/2026,10:00 AM,09/02/2026,11:30 AM,Internal Strategy Meeting,Google Meet
Partnership Roundtable,09/16/2026,02:00 PM,09/16/2026,03:30 PM,Partnership Roundtable,Google Meet
Mobile App Beta Demo,09/24/2026,11:00 AM,09/24/2026,12:00 PM,Mobile App Beta Demo,Google Meet
Operations Review,10/01/2026,10:00 AM,10/01/2026,11:30 AM,Operations Review,Google Meet
Investor Progress Report,10/14/2026,02:00 PM,10/14/2026,03:00 PM,Investor Progress Report,Google Meet
Final Product Readiness Review,10/21/2026,11:00 AM,10/21/2026,12:30 PM,Final Product Readiness Review,Google Meet
CEO Quarterly Review,10/30/2026,10:00 AM,10/30/2026,12:00 PM,CEO Quarterly Review,Google Meet
